Name,Age,Email
John Doe,25,johndoe@example.com
Jane Smith,30,janesmith@example.com
Mike Johnson,35,mikejohnson@example.com
Emily Brown,28,emilybrown@example.com
Chris Wilson,32,chriswilson@example.com
Jessica Davis,29,jessicadavis@example.com
David Thompson,31,davidthompson@example.com
Sarah Miller,27,sarahmiller@example.com
Michael Anderson,33,michaelanderson@example.com
Linda Thomas,26,lindathomas@example.com
Robert Jackson,30,robertjackson@example.com
Jennifer White,34,jenniferwhite@example.com
William Taylor,29,williamtaylor@example.com
Laura Martin,31,lauramartin@example.com
Daniel Clark,28,danielclark@example.com
